file,true,pred,top1_label,top1_score,top2_label,top2_score,margin,correct
khong_04.wav,khong,khong,khong,10.860022675447029,hai,17.615347796792644,6.755325121345615,True
khong_05.wav,khong,khong,khong,12.518381335605195,hai,18.5116610241143,5.993279688509105,True
mot_04.wav,mot,mot,mot,17.512649277273315,bon,20.359563814211292,2.8469145369379767,True
mot_05.wav,mot,mot,mot,15.494271169872418,bon,16.76124095084952,1.2669697809771012,True
hai_04.wav,hai,hai,hai,12.230639175104377,khong,18.368772723766206,6.138133548661829,True
hai_05.wav,hai,hai,hai,9.397616607107699,khong,19.077218397454054,9.679601790346355,True
ba_04.wav,ba,ba,ba,11.49715336630432,hai,20.035378217251644,8.538224850947325,True
ba_05.wav,ba,ba,ba,10.376511900261747,hai,21.583968283076587,11.20745638281484,True
bon_04.wav,bon,bon,bon,12.782939979142512,mot,21.70398277346956,8.921042794327047,True
bon_05.wav,bon,bon,bon,10.575631086039792,mot,14.064251800561804,3.4886207145220123,True
